Fecha,Precipitacion
2026-01-01,0.0
2026-01-02,8.18
2026-01-03,0.0
2026-01-04,0.0
2026-01-05,6.17
2026-01-06,91.59
2026-01-07,0.2
2026-01-08,0.0
2026-01-09,7.76
2026-01-10,0.0
2026-01-11,13.19
2026-01-12,4.9
2026-01-13,0.0
2026-01-14,0.2
2026-01-15,0.2
2026-01-16,0.0
2026-01-17,0.2
2026-01-18,0.0
2026-01-19,13.4
2026-01-20,19.58
2026-01-21,8.92
2026-01-22,0.2
2026-01-23,18.26
2026-01-24,0.0
2026-01-25,1.97
2026-01-26,0.61
2026-01-27,0.2
2026-01-28,0.0
2026-01-29,28.0
2026-01-30,8.9
2026-01-31,4.64
2026-02-01,8.27
2026-02-02,7.06
2026-02-03,0.0
2026-02-04,6.07
2026-02-05,0.0
2026-02-06,5.73
2026-02-07,0.2
2026-02-08,35.86
2026-02-09,0.0
2026-02-10,0.0
2026-02-11,0.0
2026-02-12,0.05
2026-02-13,11.2
2026-02-14,6.17
2026-02-15,8.39
2026-02-16,7.4
2026-02-17,0.0
2026-02-18,0.0
2026-02-19,0.2
2026-02-20,0.0
2026-02-21,0.2
2026-02-22,0.0
2026-02-23,1.01
2026-02-24,0.0
2026-02-25,74.98
2026-02-26,4.99
2026-02-27,0.2
2026-02-28,0.2
2026-03-01,0.08
2026-03-02,10.49
2026-03-03,0.0
2026-03-04,0.0
2026-03-05,0.0
2026-03-06,21.4
2026-03-07,0.0
2026-03-08,0.2
2026-03-09,9.11
2026-03-10,0.2
2026-03-11,0.2
2026-03-12,4.96
2026-03-13,0.0
2026-03-14,11.11
2026-03-15,0.0
2026-03-16,1.53
2026-03-17,32.81
2026-03-18,0.09
2026-03-19,0.21
2026-03-20,0.0
2026-03-21,0.0
2026-03-22,23.6
2026-03-23,7.31
2026-03-24,1.62
2026-03-25,6.9
2026-03-26,0.0
2026-03-27,17.2
2026-03-28,1.96
2026-03-29,0.0
2026-03-30,0.0
2026-03-31,0.0
2026-04-01,0.0
2026-04-02,0.0
2026-04-03,0.0
2026-04-04,0.01
2026-04-05,0.67
2026-04-06,0.2
2026-04-07,0.0
2026-04-08,7.98
2026-04-09,0.2
2026-04-10,0.0
2026-04-11,0.74
2026-04-12,8.25
2026-04-13,23.74
2026-04-14,4.42
2026-04-15,0.0
2026-04-16,11.27
2026-04-17,6.11
2026-04-18,0.0
2026-04-19,4.94
2026-04-20,0.72
2026-04-21,0.0
2026-04-22,0.0
2026-04-23,0.0
2026-04-24,0.52
2026-04-25,0.2
2026-04-26,15.52
2026-04-27,3.49
2026-04-28,0.2
2026-04-29,0.0
2026-04-30,0.2
2026-05-01,11.07
2026-05-02,13.02
2026-05-03,0.0
2026-05-04,0.0
2026-05-05,1.3
2026-05-06,0.57
2026-05-07,6.82
2026-05-08,0.0
2026-05-09,4.9
2026-05-10,0.2
2026-05-11,72.12
2026-05-12,0.25
2026-05-13,0.0
2026-05-14,4.31
2026-05-15,4.1
2026-05-16,0.0
2026-05-17,10.14
2026-05-18,2.87
2026-05-19,0.2
2026-05-20,20.27
2026-05-21,0.0
2026-05-22,12.16
2026-05-23,0.0
2026-05-24,0.29
2026-05-25,25.52
2026-05-26,0.0
2026-05-27,4.4
2026-05-28,0.0
2026-05-29,8.72
2026-05-30,8.66
2026-05-31,37.36
2026-06-01,0.0
2026-06-02,0.0
2026-06-03,0.2
2026-06-04,0.0
2026-06-05,12.19
2026-06-06,0.2
2026-06-07,0.0
2026-06-08,8.78
2026-06-09,0.93
2026-06-10,0.2
2026-06-11,0.0
2026-06-12,2.11
2026-06-13,0.33
2026-06-14,0.0
2026-06-15,0.2
2026-06-16,0.0
2026-06-17,0.0
2026-06-18,15.56
2026-06-19,40.34
2026-06-20,0.19
2026-06-21,3.06
2026-06-22,0.0
2026-06-23,0.0
2026-06-24,0.2
2026-06-25,3.51
2026-06-26,17.96
2026-06-27,0.9
2026-06-28,0.0
2026-06-29,2.27
2026-06-30,2.38
2026-07-01,2.7
2026-07-02,6.42
2026-07-03,15.12
2026-07-04,0.0
2026-07-05,0.0
2026-07-06,1.25
2026-07-07,7.41
2026-07-08,3.67
2026-07-09,0.2
2026-07-10,17.46
2026-07-11,0.0
2026-07-12,0.0
2026-07-13,58.4
2026-07-14,0.0
2026-07-15,2.84
2026-07-16,7.17
2026-07-17,6.81
2026-07-18,0.2
2026-07-19,0.0
2026-07-20,14.98
2026-07-21,0.0
2026-07-22,2.2
2026-07-23,1.87
2026-07-24,0.0
2026-07-25,4.21
2026-07-26,0.0
2026-07-27,0.0
2026-07-28,0.0
2026-07-29,11.68
2026-07-30,0.0
2026-07-31,18.76
2026-08-01,8.47
2026-08-02,0.0
2026-08-03,0.0
2026-08-04,15.56
2026-08-05,0.0
2026-08-06,42.51
2026-08-07,1.64
2026-08-08,0.0
2026-08-09,0.2
2026-08-10,19.09
2026-08-11,3.04
2026-08-12,0.0
2026-08-13,0.0
2026-08-14,3.89
2026-08-15,0.0
2026-08-16,1.98
2026-08-17,0.0
2026-08-18,0.2
2026-08-19,12.63
2026-08-20,11.93
2026-08-21,10.17
2026-08-22,0.0
2026-08-23,3.18
2026-08-24,32.95
2026-08-25,0.0
2026-08-26,0.2
2026-08-27,0.0
2026-08-28,0.73
2026-08-29,1.96
2026-08-30,4.18
2026-08-31,0.2
2026-09-01,5.2
2026-09-02,16.93
2026-09-03,0.2
2026-09-04,17.74
2026-09-05,17.38
2026-09-06,5.45
2026-09-07,0.0
2026-09-08,2.77
2026-09-09,14.84
2026-09-10,10.3
2026-09-11,0.2
2026-09-12,0.0
2026-09-13,0.0
2026-09-14,65.09
2026-09-15,0.0
2026-09-16,0.0
2026-09-17,0.2
2026-09-18,0.2
2026-09-19,3.97
2026-09-20,0.2
2026-09-21,0.33
2026-09-22,65.06
2026-09-23,0.0
2026-09-24,0.0
2026-09-25,60.76
2026-09-26,0.2
2026-09-27,33.47
2026-09-28,6.3
2026-09-29,21.27
2026-09-30,0.0
2026-10-01,3.57
2026-10-02,0.16
2026-10-03,0.2
2026-10-04,0.0
2026-10-05,12.2
2026-10-06,0.2
2026-10-07,24.57
2026-10-08,0.2
2026-10-09,8.76
2026-10-10,0.0
2026-10-11,0.0
2026-10-12,0.12
2026-10-13,21.98
2026-10-14,12.55
2026-10-15,0.34
2026-10-16,29.7
2026-10-17,0.0
2026-10-18,0.0
2026-10-19,4.58
2026-10-20,0.2
2026-10-21,0.2
2026-10-22,17.63
2026-10-23,0.0
2026-10-24,12.63
2026-10-25,20.96
2026-10-26,0.2
2026-10-27,0.0
2026-10-28,0.0
2026-10-29,6.31
2026-10-30,0.2
2026-10-31,0.2
2026-11-01,0.2
2026-11-02,0.0
2026-11-03,0.0
2026-11-04,3.02
2026-11-05,23.92
2026-11-06,9.42
2026-11-07,0.0
2026-11-08,2.55
2026-11-09,6.31
2026-11-10,4.9
2026-11-11,0.2
2026-11-12,9.47
2026-11-13,0.0
2026-11-14,0.0
2026-11-15,0.0
2026-11-16,2.45
2026-11-17,8.28
2026-11-18,0.0
2026-11-19,33.33
2026-11-20,12.09
2026-11-21,0.2
2026-11-22,8.56
2026-11-23,0.0
2026-11-24,0.2
2026-11-25,0.0
2026-11-26,6.79
2026-11-27,0.2
2026-11-28,0.0
2026-11-29,4.69
2026-11-30,2.84
2026-12-01,38.18
2026-12-02,0.0
2026-12-03,0.0
2026-12-04,9.64
2026-12-05,9.16
2026-12-06,0.1
2026-12-07,15.43
2026-12-08,11.75
2026-12-09,19.55
2026-12-10,0.0
2026-12-11,2.38
2026-12-12,22.13
2026-12-13,0.94
2026-12-14,3.62
2026-12-15,0.0
2026-12-16,0.0
2026-12-17,2.61
2026-12-18,0.0
2026-12-19,0.0
2026-12-20,0.0
2026-12-21,25.17
2026-12-22,2.78
2026-12-23,0.0
2026-12-24,0.2
2026-12-25,0.0
2026-12-26,0.0
2026-12-27,0.2
2026-12-28,15.87
2026-12-29,19.6
2026-12-30,1.8
2026-12-31,6.5
2027-01-01,0.91
2027-01-02,4.25
2027-01-03,0.0
2027-01-04,0.0
2027-01-05,0.0
2027-01-06,0.0
2027-01-07,3.29
2027-01-08,5.65
2027-01-09,7.18
2027-01-10,22.25
2027-01-11,0.0
2027-01-12,0.4
2027-01-13,0.0
2027-01-14,0.2
2027-01-15,0.0
2027-01-16,0.4
2027-01-17,0.0
2027-01-18,0.0
2027-01-19,0.0
2027-01-20,0.0
2027-01-21,6.15
2027-01-22,4.54
2027-01-23,0.0
2027-01-24,8.14
2027-01-25,0.0
2027-01-26,0.0
2027-01-27,0.0
2027-01-28,5.09
2027-01-29,9.75
2027-01-30,3.71
2027-01-31,6.74
2027-02-01,12.92
2027-02-02,0.59
2027-02-03,20.24
2027-02-04,0.0
2027-02-05,0.0
2027-02-06,8.31
2027-02-07,47.15
2027-02-08,0.0
2027-02-09,0.05
2027-02-10,0.0
2027-02-11,0.2
2027-02-12,0.59
2027-02-13,8.41
2027-02-14,0.0
2027-02-15,0.2
2027-02-16,6.05
2027-02-17,13.05
2027-02-18,9.85
2027-02-19,0.9
2027-02-20,0.2
2027-02-21,0.0
2027-02-22,4.57
2027-02-23,0.0
2027-02-24,0.2
2027-02-25,0.0
2027-02-26,0.2
2027-02-27,0.0
2027-02-28,0.0
2027-03-01,0.07
2027-03-02,0.0
2027-03-03,0.0
2027-03-04,0.0
2027-03-05,0.2
2027-03-06,0.0
2027-03-07,2.42
2027-03-08,54.28
2027-03-09,0.71
2027-03-10,0.0
2027-03-11,0.0
2027-03-12,6.74
2027-03-13,0.2
2027-03-14,6.12
2027-03-15,0.2
2027-03-16,1.22
2027-03-17,0.0
2027-03-18,0.0
2027-03-19,5.17
2027-03-20,2.88
2027-03-21,6.27
2027-03-22,0.0
2027-03-23,6.79
2027-03-24,0.0
2027-03-25,0.0
2027-03-26,0.0
2027-03-27,29.21
2027-03-28,11.67
2027-03-29,0.0
2027-03-30,0.2
2027-03-31,1.89
2027-04-01,3.91
2027-04-02,0.0
2027-04-03,0.82
2027-04-04,0.2
2027-04-05,0.0
2027-04-06,0.2
2027-04-07,0.2
2027-04-08,0.2
2027-04-09,19.41
2027-04-10,0.0
2027-04-11,0.2
2027-04-12,0.0
2027-04-13,0.0
2027-04-14,0.2
2027-04-15,0.0
2027-04-16,16.87
2027-04-17,0.0
2027-04-18,0.0
2027-04-19,0.2
2027-04-20,17.25
2027-04-21,5.56
2027-04-22,10.56
2027-04-23,19.59
2027-04-24,0.0
2027-04-25,6.26
2027-04-26,0.0
2027-04-27,16.25
2027-04-28,0.0
2027-04-29,3.57
2027-04-30,0.2
2027-05-01,0.13
2027-05-02,0.0
2027-05-03,22.0
2027-05-04,0.0
2027-05-05,8.25
2027-05-06,0.2
2027-05-07,6.69
2027-05-08,0.0
2027-05-09,20.54
2027-05-10,0.0
2027-05-11,2.0
2027-05-12,9.83
2027-05-13,0.73
2027-05-14,0.2
2027-05-15,1.3
2027-05-16,0.75
2027-05-17,0.0
2027-05-18,3.94
2027-05-19,87.19
2027-05-20,2.31
2027-05-21,5.59
2027-05-22,18.75
2027-05-23,8.35
2027-05-24,0.0
2027-05-25,0.0
2027-05-26,0.05
2027-05-27,0.2
2027-05-28,0.0
2027-05-29,0.0
2027-05-30,0.2
2027-05-31,0.0
2027-06-01,16.2
2027-06-02,0.63
2027-06-03,0.2
2027-06-04,0.0
2027-06-05,0.0
2027-06-06,11.92
2027-06-07,0.0
2027-06-08,0.08
2027-06-09,0.0
2027-06-10,0.2
2027-06-11,5.04
2027-06-12,5.63
2027-06-13,0.2
2027-06-14,0.0
2027-06-15,0.95
2027-06-16,0.2
2027-06-17,0.2
2027-06-18,24.84
2027-06-19,0.0
2027-06-20,0.19
2027-06-21,13.6
2027-06-22,0.0
2027-06-23,0.2
2027-06-24,5.11
2027-06-25,0.0
2027-06-26,0.2
2027-06-27,19.86
2027-06-28,0.2
2027-06-29,0.0
2027-06-30,0.2
2027-07-01,94.69
2027-07-02,0.0
2027-07-03,0.0
2027-07-04,69.5
2027-07-05,8.48
2027-07-06,11.27
2027-07-07,1.42
2027-07-08,0.2
2027-07-09,0.21
2027-07-10,1.44
2027-07-11,11.64
2027-07-12,0.2
2027-07-13,0.0
2027-07-14,0.2
2027-07-15,0.09
2027-07-16,0.0
2027-07-17,0.0
2027-07-18,7.79
2027-07-19,0.0
2027-07-20,0.0
2027-07-21,0.0
2027-07-22,31.87
2027-07-23,1.28
2027-07-24,22.27
2027-07-25,5.33
2027-07-26,0.2
2027-07-27,7.43
2027-07-28,0.0
2027-07-29,10.79
2027-07-30,0.0
2027-07-31,3.28
2027-08-01,5.1
2027-08-02,0.04
2027-08-03,0.0
2027-08-04,0.0
2027-08-05,0.0
2027-08-06,0.0
2027-08-07,0.0
2027-08-08,0.0
2027-08-09,31.44
2027-08-10,14.42
2027-08-11,0.2
2027-08-12,0.0
2027-08-13,0.0
2027-08-14,0.0
2027-08-15,0.0
2027-08-16,0.2
2027-08-17,0.15
2027-08-18,0.2
2027-08-19,7.32
2027-08-20,0.0
2027-08-21,0.0
2027-08-22,2.56
2027-08-23,0.0
2027-08-24,31.46
2027-08-25,0.0
2027-08-26,0.0
2027-08-27,0.92
2027-08-28,0.2
2027-08-29,70.27
2027-08-30,0.0
2027-08-31,0.0
2027-09-01,19.28
2027-09-02,7.56
2027-09-03,0.0
2027-09-04,0.0
2027-09-05,0.2
2027-09-06,4.97
2027-09-07,0.0
2027-09-08,0.0
2027-09-09,0.0
2027-09-10,0.0
2027-09-11,0.2
2027-09-12,0.03
2027-09-13,7.31
2027-09-14,1.4
2027-09-15,0.2
2027-09-16,12.23
2027-09-17,38.14
2027-09-18,0.2
2027-09-19,0.2
2027-09-20,31.44
2027-09-21,0.2
2027-09-22,0.0
2027-09-23,22.46
2027-09-24,12.36
2027-09-25,0.2
2027-09-26,0.0
2027-09-27,0.2
2027-09-28,0.06
2027-09-29,0.0
2027-09-30,0.0
2027-10-01,5.46
2027-10-02,0.0
2027-10-03,60.11
2027-10-04,8.89
2027-10-05,0.2
2027-10-06,0.0
2027-10-07,0.0
2027-10-08,10.14
2027-10-09,0.0
2027-10-10,0.35
2027-10-11,0.0
2027-10-12,32.38
2027-10-13,9.28
2027-10-14,0.2
2027-10-15,0.2
2027-10-16,0.0
2027-10-17,0.0
2027-10-18,9.61
2027-10-19,0.0
2027-10-20,0.2
2027-10-21,0.0
2027-10-22,0.0
2027-10-23,0.97
2027-10-24,1.79
2027-10-25,0.0
2027-10-26,4.29
2027-10-27,0.0
2027-10-28,2.91
2027-10-29,6.65
2027-10-30,0.0
2027-10-31,0.2
2027-11-01,0.0
2027-11-02,0.0
2027-11-03,7.26
2027-11-04,0.0
2027-11-05,17.42
2027-11-06,8.4
2027-11-07,45.5
2027-11-08,0.0
2027-11-09,0.0
2027-11-10,17.64
2027-11-11,8.72
2027-11-12,4.54
2027-11-13,6.21
2027-11-14,0.2
2027-11-15,33.58
2027-11-16,0.2
2027-11-17,7.03
2027-11-18,23.74
2027-11-19,0.2
2027-11-20,22.96
2027-11-21,0.43
2027-11-22,19.88
2027-11-23,0.2
2027-11-24,0.2
2027-11-25,8.5
2027-11-26,0.0
2027-11-27,2.73
2027-11-28,0.2
2027-11-29,0.2
2027-11-30,32.18
2027-12-01,0.0
2027-12-02,7.37
2027-12-03,0.0
2027-12-04,29.19
2027-12-05,0.0
2027-12-06,5.6
2027-12-07,0.0
2027-12-08,3.09
2027-12-09,0.2
2027-12-10,0.2
2027-12-11,53.01
2027-12-12,0.45
2027-12-13,0.33
2027-12-14,0.2
2027-12-15,34.62
2027-12-16,1.96
2027-12-17,5.4
2027-12-18,6.85
2027-12-19,0.0
2027-12-20,13.21
2027-12-21,10.29
2027-12-22,0.2
2027-12-23,0.05
2027-12-24,0.0
2027-12-25,0.2
2027-12-26,6.97
2027-12-27,0.0
2027-12-28,31.47
2027-12-29,0.0
2027-12-30,0.0
2027-12-31,0.0
2028-01-01,61.76
2028-01-02,5.91
2028-01-03,0.0
2028-01-04,0.67
2028-01-05,0.0
2028-01-06,0.0
2028-01-07,4.1
2028-01-08,19.38
2028-01-09,0.0
2028-01-10,0.2
2028-01-11,4.44
2028-01-12,3.08
2028-01-13,0.0
2028-01-14,0.0
2028-01-15,0.85
2028-01-16,0.0
2028-01-17,12.81
2028-01-18,0.0
2028-01-19,0.2
2028-01-20,0.0
2028-01-21,0.2
2028-01-22,0.0
2028-01-23,3.06
2028-01-24,9.26
2028-01-25,13.98
2028-01-26,58.09
2028-01-27,55.44
2028-01-28,0.06
2028-01-29,0.0
2028-01-30,0.0
2028-01-31,51.18
2028-02-01,3.17
2028-02-02,5.09
2028-02-03,7.03
2028-02-04,0.2
2028-02-05,0.2
2028-02-06,20.15
2028-02-07,0.0
2028-02-08,27.92
2028-02-09,0.0
2028-02-10,0.2
2028-02-11,2.65
2028-02-12,3.68
2028-02-13,9.79
2028-02-14,0.2
2028-02-15,0.0
2028-02-16,0.0
2028-02-17,22.1
2028-02-18,24.38
2028-02-19,7.83
2028-02-20,0.0
2028-02-21,23.43
2028-02-22,0.0
2028-02-23,8.54
2028-02-24,19.2
2028-02-25,7.34
2028-02-26,0.62
2028-02-27,16.05
2028-02-28,0.67
2028-02-29,0.2
2028-03-01,0.2
2028-03-02,0.2
2028-03-03,0.2
2028-03-04,0.2
2028-03-05,0.0
2028-03-06,0.0
2028-03-07,13.94
2028-03-08,39.75
2028-03-09,54.95
2028-03-10,4.99
2028-03-11,20.57
2028-03-12,0.0
2028-03-13,0.2
2028-03-14,0.0
2028-03-15,23.23
2028-03-16,2.87
2028-03-17,0.0
2028-03-18,1.8
2028-03-19,10.53
2028-03-20,0.0
2028-03-21,0.0
2028-03-22,0.2
2028-03-23,0.0
2028-03-24,27.04
2028-03-25,0.3
2028-03-26,0.0
2028-03-27,0.2
2028-03-28,0.0
2028-03-29,9.14
2028-03-30,0.2
2028-03-31,0.0
2028-04-01,0.0
2028-04-02,5.27
2028-04-03,37.17
2028-04-04,0.24
2028-04-05,7.17
2028-04-06,1.16
2028-04-07,0.0
2028-04-08,0.2
2028-04-09,0.2
2028-04-10,0.0
2028-04-11,0.2
2028-04-12,0.0
2028-04-13,12.99
2028-04-14,8.96
2028-04-15,17.44
2028-04-16,0.2
2028-04-17,0.2
2028-04-18,0.47
2028-04-19,0.08
2028-04-20,0.2
2028-04-21,0.47
2028-04-22,2.97
2028-04-23,0.2
2028-04-24,2.4
2028-04-25,0.0
2028-04-26,2.59
2028-04-27,49.67
2028-04-28,0.48
2028-04-29,36.91
2028-04-30,0.0
2028-05-01,0.2
2028-05-02,0.2
2028-05-03,1.63
2028-05-04,0.2
2028-05-05,9.88
2028-05-06,0.0
2028-05-07,20.8
2028-05-08,0.0
2028-05-09,21.21
2028-05-10,0.0
2028-05-11,0.1
2028-05-12,44.18
2028-05-13,8.46
2028-05-14,13.99
2028-05-15,53.48
2028-05-16,0.2
2028-05-17,0.2
2028-05-18,0.08
2028-05-19,0.0
2028-05-20,0.2
2028-05-21,4.71
2028-05-22,12.17
2028-05-23,0.14
2028-05-24,0.0
2028-05-25,16.3
2028-05-26,0.0
2028-05-27,21.88
2028-05-28,0.0
2028-05-29,0.2
2028-05-30,22.98
2028-05-31,2.37
2028-06-01,0.0
2028-06-02,0.2
2028-06-03,22.25
2028-06-04,1.41
2028-06-05,2.88
2028-06-06,0.0
2028-06-07,0.0
2028-06-08,11.48
2028-06-09,0.2
2028-06-10,0.0
2028-06-11,0.2
2028-06-12,0.0
2028-06-13,0.0
2028-06-14,0.0
2028-06-15,5.23
2028-06-16,0.2
2028-06-17,7.71
2028-06-18,0.2
2028-06-19,21.01
2028-06-20,10.81
2028-06-21,0.0
2028-06-22,2.6
2028-06-23,0.0
2028-06-24,0.0
2028-06-25,18.55
2028-06-26,2.75
2028-06-27,0.2
2028-06-28,1.8
2028-06-29,7.09
2028-06-30,11.13
2028-07-01,0.0
2028-07-02,0.06
2028-07-03,40.13
2028-07-04,0.0
2028-07-05,0.27
2028-07-06,0.0
2028-07-07,0.0
2028-07-08,0.0
2028-07-09,2.95
2028-07-10,1.4
2028-07-11,0.0
2028-07-12,2.15
2028-07-13,0.63
2028-07-14,0.0
2028-07-15,11.02
2028-07-16,0.0
2028-07-17,0.2
2028-07-18,0.0
2028-07-19,0.0
2028-07-20,0.0
2028-07-21,0.4
2028-07-22,0.0
2028-07-23,5.95
2028-07-24,0.2
2028-07-25,6.15
2028-07-26,59.33
2028-07-27,7.24
2028-07-28,0.2
2028-07-29,31.93
2028-07-30,3.3
2028-07-31,0.2
2028-08-01,22.15
2028-08-02,42.8
2028-08-03,2.51
2028-08-04,4.17
2028-08-05,0.02
2028-08-06,5.89
2028-08-07,6.9
2028-08-08,9.59
2028-08-09,2.26
2028-08-10,0.0
2028-08-11,1.87
2028-08-12,2.35
2028-08-13,0.0
2028-08-14,0.0
2028-08-15,0.0
2028-08-16,6.26
2028-08-17,1.41
2028-08-18,4.58
2028-08-19,17.79
2028-08-20,0.0
2028-08-21,15.77
2028-08-22,23.81
2028-08-23,0.2
2028-08-24,0.68
2028-08-25,4.61
2028-08-26,28.05
2028-08-27,1.58
2028-08-28,0.2
2028-08-29,2.47
2028-08-30,0.15
2028-08-31,0.2
2028-09-01,0.02
2028-09-02,0.61
2028-09-03,0.0
2028-09-04,0.2
2028-09-05,2.06
2028-09-06,31.94
2028-09-07,0.0
2028-09-08,0.0
2028-09-09,0.0
2028-09-10,1.69
2028-09-11,0.0
2028-09-12,0.2
2028-09-13,5.45
2028-09-14,15.65
2028-09-15,9.77
2028-09-16,0.0
2028-09-17,0.2
2028-09-18,0.0
2028-09-19,1.85
2028-09-20,1.27
2028-09-21,0.0
2028-09-22,0.0
2028-09-23,0.24
2028-09-24,3.93
2028-09-25,9.66
2028-09-26,0.2
2028-09-27,10.75
2028-09-28,0.0
2028-09-29,6.29
2028-09-30,0.2
2028-10-01,0.2
2028-10-02,0.0
2028-10-03,3.19
2028-10-04,0.0
2028-10-05,0.0
2028-10-06,0.29
2028-10-07,0.04
2028-10-08,14.9
2028-10-09,4.48
2028-10-10,15.75
2028-10-11,50.79
2028-10-12,7.49
2028-10-13,0.0
2028-10-14,0.0
2028-10-15,0.0
2028-10-16,4.94
2028-10-17,9.21
2028-10-18,16.95
2028-10-19,48.07
2028-10-20,95.59
2028-10-21,56.27
2028-10-22,0.0
2028-10-23,0.2
2028-10-24,7.0
2028-10-25,59.05
2028-10-26,0.0
2028-10-27,0.0
2028-10-28,3.22
2028-10-29,0.0
2028-10-30,0.0
2028-10-31,0.2
2028-11-01,0.0
2028-11-02,0.0
2028-11-03,0.0
2028-11-04,5.12
2028-11-05,0.0
2028-11-06,0.0
2028-11-07,1.11
2028-11-08,0.0
2028-11-09,0.2
2028-11-10,0.0
2028-11-11,2.6
2028-11-12,20.6
2028-11-13,0.2
2028-11-14,13.02
2028-11-15,0.0
2028-11-16,0.0
2028-11-17,0.0
2028-11-18,0.0
2028-11-19,0.0
2028-11-20,0.0
2028-11-21,0.0
2028-11-22,0.08
2028-11-23,11.49
2028-11-24,12.36
2028-11-25,0.0
2028-11-26,12.94
2028-11-27,15.27
2028-11-28,0.0
2028-11-29,12.12
2028-11-30,5.34
2028-12-01,0.0
2028-12-02,0.2
2028-12-03,21.26
2028-12-04,0.0
2028-12-05,5.05
2028-12-06,28.32
2028-12-07,0.0
2028-12-08,0.0
2028-12-09,0.0
2028-12-10,0.8
2028-12-11,0.2
2028-12-12,21.38
2028-12-13,0.0
2028-12-14,0.0
2028-12-15,24.94
2028-12-16,27.89
2028-12-17,0.2
2028-12-18,5.1
2028-12-19,54.29
2028-12-20,0.0
2028-12-21,5.9
2028-12-22,14.11
2028-12-23,0.0
2028-12-24,1.27
2028-12-25,25.96
2028-12-26,1.1
2028-12-27,27.06
2028-12-28,0.0
2028-12-29,0.0
2028-12-30,3.12
2028-12-31,33.91
2029-01-01,0.0
2029-01-02,0.63
2029-01-03,0.0
2029-01-04,0.0
2029-01-05,37.35
2029-01-06,0.2
2029-01-07,0.2
2029-01-08,0.2
2029-01-09,0.2
2029-01-10,4.48
2029-01-11,0.0
2029-01-12,0.0
2029-01-13,0.0
2029-01-14,0.0
2029-01-15,0.2
2029-01-16,16.28
2029-01-17,6.67
2029-01-18,4.57
2029-01-19,0.2
2029-01-20,18.64
2029-01-21,0.0
2029-01-22,2.25
2029-01-23,45.85
2029-01-24,13.8
2029-01-25,0.0
2029-01-26,0.0
2029-01-27,12.8
2029-01-28,0.0
2029-01-29,0.2
2029-01-30,3.72
2029-01-31,0.0
2029-02-01,3.16
2029-02-02,0.2
2029-02-03,0.2
2029-02-04,26.05
2029-02-05,0.0
2029-02-06,0.2
2029-02-07,0.14
2029-02-08,0.0
2029-02-09,0.2
2029-02-10,0.0
2029-02-11,27.28
2029-02-12,0.0
2029-02-13,36.38
2029-02-14,0.0
2029-02-15,1.28
2029-02-16,0.0
2029-02-17,0.14
2029-02-18,0.0
2029-02-19,0.0
2029-02-20,0.2
2029-02-21,0.0
2029-02-22,0.0
2029-02-23,0.0
2029-02-24,0.2
2029-02-25,0.0
2029-02-26,1.73
2029-02-27,0.0
2029-02-28,0.0
2029-03-01,14.81
2029-03-02,10.47
2029-03-03,0.39
2029-03-04,0.0
2029-03-05,1.85
2029-03-06,0.0
2029-03-07,0.0
2029-03-08,0.2
2029-03-09,10.44
2029-03-10,0.2
2029-03-11,0.0
2029-03-12,77.97
2029-03-13,0.0
2029-03-14,3.4
2029-03-15,0.0
2029-03-16,6.11
2029-03-17,0.2
2029-03-18,97.33
2029-03-19,47.11
2029-03-20,2.44
2029-03-21,53.8
2029-03-22,0.0
2029-03-23,0.0
2029-03-24,2.2
2029-03-25,0.2
2029-03-26,0.0
2029-03-27,22.72
2029-03-28,4.13
2029-03-29,3.77
2029-03-30,0.0
2029-03-31,0.2
2029-04-01,22.58
2029-04-02,0.0
2029-04-03,0.0
2029-04-04,0.0
2029-04-05,0.0
2029-04-06,0.0
2029-04-07,0.0
2029-04-08,2.64
2029-04-09,0.2
2029-04-10,0.0
2029-04-11,0.2
2029-04-12,0.2
2029-04-13,0.0
2029-04-14,40.95
2029-04-15,40.74
2029-04-16,0.0
2029-04-17,8.25
2029-04-18,0.0
2029-04-19,0.0
2029-04-20,0.0
2029-04-21,0.98
2029-04-22,15.5
2029-04-23,1.34
2029-04-24,0.0
2029-04-25,0.0
2029-04-26,9.43
2029-04-27,0.2
2029-04-28,19.19
2029-04-29,0.0
2029-04-30,0.2
2029-05-01,0.0
2029-05-02,0.7
2029-05-03,0.54
2029-05-04,0.0
2029-05-05,13.48
2029-05-06,0.0
2029-05-07,3.51
2029-05-08,0.0
2029-05-09,40.95
2029-05-10,0.0
2029-05-11,0.0
2029-05-12,0.51
2029-05-13,0.0
2029-05-14,0.2
2029-05-15,1.4
2029-05-16,0.0
2029-05-17,0.0
2029-05-18,5.36
2029-05-19,0.0
2029-05-20,0.0
2029-05-21,14.73
2029-05-22,0.0
2029-05-23,1.77
2029-05-24,24.78
2029-05-25,4.87
2029-05-26,75.74
2029-05-27,2.41
2029-05-28,0.0
2029-05-29,0.0
2029-05-30,0.07
2029-05-31,13.73
2029-06-01,2.28
2029-06-02,0.4
2029-06-03,0.0
2029-06-04,12.91
2029-06-05,0.2
2029-06-06,11.66
2029-06-07,9.19
2029-06-08,24.35
2029-06-09,0.45
2029-06-10,0.04
2029-06-11,0.0
2029-06-12,27.55
2029-06-13,0.2
2029-06-14,0.0
2029-06-15,0.0
2029-06-16,15.04
2029-06-17,6.72
2029-06-18,27.53
2029-06-19,0.0
2029-06-20,0.0
2029-06-21,1.03
2029-06-22,26.31
2029-06-23,0.2
2029-06-24,0.0
2029-06-25,45.47
2029-06-26,1.62
2029-06-27,0.0
2029-06-28,0.2
2029-06-29,0.0
2029-06-30,0.2
2029-07-01,0.0
2029-07-02,8.46
2029-07-03,0.0
2029-07-04,0.2
2029-07-05,0.43
2029-07-06,0.2
2029-07-07,0.0
2029-07-08,26.19
2029-07-09,0.0
2029-07-10,0.0
2029-07-11,0.0
2029-07-12,8.07
2029-07-13,0.2
2029-07-14,0.2
2029-07-15,0.2
2029-07-16,0.0
2029-07-17,18.75
2029-07-18,0.0
2029-07-19,24.06
2029-07-20,5.76
2029-07-21,1.69
2029-07-22,0.0
2029-07-23,0.2
2029-07-24,0.2
2029-07-25,0.2
2029-07-26,0.2
2029-07-27,0.2
2029-07-28,0.2
2029-07-29,2.08
2029-07-30,0.0
2029-07-31,0.0
2029-08-01,0.0
2029-08-02,9.3
2029-08-03,7.55
2029-08-04,0.2
2029-08-05,4.62
2029-08-06,2.51
2029-08-07,10.56
2029-08-08,0.0
2029-08-09,0.0
2029-08-10,0.2
2029-08-11,0.0
2029-08-12,0.19
2029-08-13,0.0
2029-08-14,15.77
2029-08-15,0.0
2029-08-16,0.41
2029-08-17,13.57
2029-08-18,0.26
2029-08-19,0.0
2029-08-20,0.83
2029-08-21,25.44
2029-08-22,50.78
2029-08-23,0.0
2029-08-24,3.65
2029-08-25,0.29
2029-08-26,3.74
2029-08-27,1.16
2029-08-28,14.96
2029-08-29,0.88
2029-08-30,0.28
2029-08-31,0.2
2029-09-01,42.73
2029-09-02,0.0
2029-09-03,0.0
2029-09-04,0.2
2029-09-05,1.13
2029-09-06,41.67
2029-09-07,17.17
2029-09-08,1.26
2029-09-09,0.0
2029-09-10,0.2
2029-09-11,0.15
2029-09-12,24.55
2029-09-13,0.2
2029-09-14,2.38
2029-09-15,0.0
2029-09-16,21.11
2029-09-17,0.0
2029-09-18,0.0
2029-09-19,17.69
2029-09-20,0.0
2029-09-21,0.0
2029-09-22,9.86
2029-09-23,0.0
2029-09-24,1.12
2029-09-25,0.64
2029-09-26,18.42
2029-09-27,0.2
2029-09-28,0.0
2029-09-29,2.28
2029-09-30,3.0
2029-10-01,69.7
2029-10-02,0.2
2029-10-03,0.0
2029-10-04,0.93
2029-10-05,0.2
2029-10-06,1.55
2029-10-07,0.0
2029-10-08,0.0
2029-10-09,10.55
2029-10-10,0.0
2029-10-11,0.04
2029-10-12,6.19
2029-10-13,0.2
2029-10-14,0.2
2029-10-15,0.0
2029-10-16,43.29
2029-10-17,9.52
2029-10-18,0.0
2029-10-19,0.0
2029-10-20,25.25
2029-10-21,0.0
2029-10-22,0.0
2029-10-23,7.01
2029-10-24,50.73
2029-10-25,0.0
2029-10-26,0.03
2029-10-27,14.86
2029-10-28,0.2
2029-10-29,0.0
2029-10-30,0.0
2029-10-31,0.91
2029-11-01,1.67
2029-11-02,0.0
2029-11-03,1.2
2029-11-04,0.2
2029-11-05,0.2
2029-11-06,6.82
2029-11-07,0.2
2029-11-08,5.55
2029-11-09,11.81
2029-11-10,0.0
2029-11-11,4.0
2029-11-12,0.0
2029-11-13,89.87
2029-11-14,9.52
2029-11-15,0.0
2029-11-16,14.79
2029-11-17,12.96
2029-11-18,0.2
2029-11-19,0.0
2029-11-20,1.27
2029-11-21,0.0
2029-11-22,18.42
2029-11-23,0.01
2029-11-24,0.0
2029-11-25,10.86
2029-11-26,0.0
2029-11-27,0.2
2029-11-28,7.1
2029-11-29,2.64
2029-11-30,10.34
2029-12-01,0.2
2029-12-02,0.0
2029-12-03,30.06
2029-12-04,0.0
2029-12-05,0.0
2029-12-06,20.61
2029-12-07,26.29
2029-12-08,0.0
2029-12-09,2.16
2029-12-10,7.09
2029-12-11,0.0
2029-12-12,0.2
2029-12-13,0.0
2029-12-14,1.54
2029-12-15,5.59
2029-12-16,0.2
2029-12-17,0.0
2029-12-18,0.0
2029-12-19,54.2
2029-12-20,61.88
2029-12-21,13.46
2029-12-22,0.0
2029-12-23,0.2
2029-12-24,0.0
2029-12-25,0.0
2029-12-26,0.0
2029-12-27,0.74
2029-12-28,3.13
2029-12-29,38.52
2029-12-30,0.0
2029-12-31,0.0
2030-01-01,0.0
2030-01-02,0.0
2030-01-03,13.98
2030-01-04,0.0
2030-01-05,8.04
2030-01-06,6.21
2030-01-07,37.84
2030-01-08,0.0
2030-01-09,1.11
2030-01-10,9.04
2030-01-11,0.0
2030-01-12,0.0
2030-01-13,2.38
2030-01-14,31.77
2030-01-15,17.54
2030-01-16,14.85
2030-01-17,0.2
2030-01-18,13.3
2030-01-19,0.0
2030-01-20,0.0
2030-01-21,0.2
2030-01-22,0.2
2030-01-23,0.0
2030-01-24,0.0
2030-01-25,83.69
2030-01-26,0.2
2030-01-27,0.2
2030-01-28,106.0
2030-01-29,0.2
2030-01-30,0.2
2030-01-31,8.37
2030-02-01,0.2
2030-02-02,16.49
2030-02-03,0.0
2030-02-04,0.0
2030-02-05,0.0
2030-02-06,5.41
2030-02-07,18.15
2030-02-08,0.2
2030-02-09,0.2
2030-02-10,0.0
2030-02-11,0.0
2030-02-12,0.0
2030-02-13,10.73
2030-02-14,0.0
2030-02-15,14.38
2030-02-16,0.0
2030-02-17,0.0
2030-02-18,4.77
2030-02-19,0.0
2030-02-20,0.0
2030-02-21,0.0
2030-02-22,0.68
2030-02-23,0.0
2030-02-24,5.36
2030-02-25,0.0
2030-02-26,5.74
2030-02-27,8.2
2030-02-28,0.0
2030-03-01,46.89
2030-03-02,0.0
2030-03-03,0.0
2030-03-04,0.0
2030-03-05,0.0
2030-03-06,2.23
2030-03-07,0.0
2030-03-08,14.26
2030-03-09,0.36
2030-03-10,2.89
2030-03-11,0.2
2030-03-12,0.0
2030-03-13,18.67
2030-03-14,0.0
2030-03-15,1.64
2030-03-16,0.0
2030-03-17,0.2
2030-03-18,0.0
2030-03-19,0.0
2030-03-20,0.64
2030-03-21,0.0
2030-03-22,0.2
2030-03-23,0.0
2030-03-24,22.66
2030-03-25,0.0
2030-03-26,35.2
2030-03-27,15.95
2030-03-28,1.13
2030-03-29,0.2
2030-03-30,0.01
2030-03-31,0.1
2030-04-01,0.2
2030-04-02,0.2
2030-04-03,21.16
2030-04-04,51.11
2030-04-05,0.0
2030-04-06,12.62
2030-04-07,0.0
2030-04-08,0.0
2030-04-09,0.2
2030-04-10,0.0
2030-04-11,0.0
2030-04-12,0.0
2030-04-13,0.09
2030-04-14,0.0
2030-04-15,0.2
2030-04-16,0.2
2030-04-17,70.91
2030-04-18,21.4
2030-04-19,0.2
2030-04-20,0.0
2030-04-21,0.0
2030-04-22,0.2
2030-04-23,0.2
2030-04-24,0.39
2030-04-25,0.0
2030-04-26,27.64
2030-04-27,1.14
2030-04-28,3.09
2030-04-29,0.02
2030-04-30,3.15
2030-05-01,42.49
2030-05-02,4.55
2030-05-03,11.38
2030-05-04,11.13
2030-05-05,0.0
2030-05-06,0.0
2030-05-07,24.15
2030-05-08,0.0
2030-05-09,0.0
2030-05-10,0.07
2030-05-11,0.0
2030-05-12,0.0
2030-05-13,0.0
2030-05-14,0.41
2030-05-15,12.97
2030-05-16,0.2
2030-05-17,20.12
2030-05-18,7.0
2030-05-19,0.0
2030-05-20,0.0
2030-05-21,0.0
2030-05-22,44.05
2030-05-23,1.01
2030-05-24,38.42
2030-05-25,0.2
2030-05-26,2.02
2030-05-27,7.39
2030-05-28,0.0
2030-05-29,4.36
2030-05-30,0.0
2030-05-31,6.72
2030-06-01,11.44
2030-06-02,9.69
2030-06-03,0.2
2030-06-04,0.0
2030-06-05,12.8
2030-06-06,0.0
2030-06-07,0.0
2030-06-08,0.31
2030-06-09,0.0
2030-06-10,3.19
2030-06-11,36.09
2030-06-12,0.2
2030-06-13,17.46
2030-06-14,0.0
2030-06-15,0.2
2030-06-16,0.0
2030-06-17,0.0
2030-06-18,13.27
2030-06-19,0.0
2030-06-20,49.46
2030-06-21,0.0
2030-06-22,0.0
2030-06-23,0.0
2030-06-24,0.0
2030-06-25,0.2
2030-06-26,0.2
2030-06-27,0.0
2030-06-28,23.18
2030-06-29,0.13
2030-06-30,0.2
2030-07-01,0.2
2030-07-02,6.79
2030-07-03,37.4
2030-07-04,5.54
2030-07-05,2.82
2030-07-06,0.0
2030-07-07,6.59
2030-07-08,0.0
2030-07-09,0.2
2030-07-10,10.85
2030-07-11,0.2
2030-07-12,3.55
2030-07-13,1.69
2030-07-14,0.0
2030-07-15,13.17
2030-07-16,28.59
2030-07-17,0.72
2030-07-18,0.0
2030-07-19,0.0
2030-07-20,0.0
2030-07-21,35.56
2030-07-22,0.2
2030-07-23,7.0
2030-07-24,34.73
2030-07-25,0.0
2030-07-26,11.23
2030-07-27,0.2
2030-07-28,63.98
2030-07-29,0.2
2030-07-30,0.0
2030-07-31,0.34
2030-08-01,0.2
2030-08-02,0.02
2030-08-03,11.41
2030-08-04,0.0
2030-08-05,6.72
2030-08-06,21.25
2030-08-07,14.05
2030-08-08,0.0
2030-08-09,1.37
2030-08-10,0.2
2030-08-11,0.0
2030-08-12,0.0
2030-08-13,7.39
2030-08-14,29.7
2030-08-15,0.2
2030-08-16,0.2
2030-08-17,16.79
2030-08-18,0.0
2030-08-19,17.9
2030-08-20,0.2
2030-08-21,0.0
2030-08-22,0.2
2030-08-23,18.18
2030-08-24,0.0
2030-08-25,14.93
2030-08-26,0.0
2030-08-27,37.0
2030-08-28,0.2
2030-08-29,4.48
2030-08-30,49.25
2030-08-31,23.69
2030-09-01,0.0
2030-09-02,0.2
2030-09-03,0.0
2030-09-04,18.19
2030-09-05,0.2
2030-09-06,0.2
2030-09-07,0.0
2030-09-08,0.0
2030-09-09,26.52
2030-09-10,0.2
2030-09-11,4.98
2030-09-12,0.16
2030-09-13,0.2
2030-09-14,0.0
2030-09-15,11.76
2030-09-16,0.22
2030-09-17,37.39
2030-09-18,0.0
2030-09-19,0.0
2030-09-20,0.29
2030-09-21,20.43
2030-09-22,7.76
2030-09-23,0.39
2030-09-24,0.2
2030-09-25,18.98
2030-09-26,0.0
2030-09-27,0.2
2030-09-28,5.15
2030-09-29,5.7
2030-09-30,0.0
2030-10-01,11.66
2030-10-02,11.38
2030-10-03,0.2
2030-10-04,0.0
2030-10-05,4.3
2030-10-06,0.0
2030-10-07,56.37
2030-10-08,3.68
2030-10-09,0.2
2030-10-10,0.2
2030-10-11,8.9
2030-10-12,2.25
2030-10-13,0.0
2030-10-14,6.02
2030-10-15,0.0
2030-10-16,6.26
2030-10-17,0.12
2030-10-18,0.0
2030-10-19,2.05
2030-10-20,0.0
2030-10-21,8.62
2030-10-22,5.93
2030-10-23,0.2
2030-10-24,0.2
2030-10-25,6.79
2030-10-26,0.2
2030-10-27,3.27
2030-10-28,0.2
2030-10-29,4.4
2030-10-30,2.07
2030-10-31,14.86
2030-11-01,0.0
2030-11-02,2.14
2030-11-03,21.72
2030-11-04,0.0
2030-11-05,5.63
2030-11-06,0.0
2030-11-07,8.82
2030-11-08,3.63
2030-11-09,15.86
2030-11-10,34.39
2030-11-11,3.35
2030-11-12,4.22
2030-11-13,11.5
2030-11-14,0.2
2030-11-15,0.2
2030-11-16,6.99
2030-11-17,23.37
2030-11-18,0.0
2030-11-19,0.89
2030-11-20,10.81
2030-11-21,39.76
2030-11-22,0.2
2030-11-23,13.52
2030-11-24,59.45
2030-11-25,6.69
2030-11-26,0.2
2030-11-27,0.0
2030-11-28,0.0
2030-11-29,0.2
2030-11-30,0.2
2030-12-01,0.0
2030-12-02,0.74
2030-12-03,42.2
2030-12-04,0.0
2030-12-05,7.84
2030-12-06,0.0
2030-12-07,0.2
2030-12-08,0.0
2030-12-09,0.65
2030-12-10,0.0
2030-12-11,0.2
2030-12-12,3.56
2030-12-13,0.2
2030-12-14,0.2
2030-12-15,4.28
2030-12-16,0.0
2030-12-17,0.2
2030-12-18,2.82
2030-12-19,28.39
2030-12-20,0.0
2030-12-21,0.2
2030-12-22,3.84
2030-12-23,0.0
2030-12-24,0.0
2030-12-25,0.0
2030-12-26,0.0
2030-12-27,0.0
2030-12-28,1.21
2030-12-29,0.0
2030-12-30,19.78
2030-12-31,0.0
2031-01-01,0.0
2031-01-02,0.2
2031-01-03,11.14
2031-01-04,0.0
2031-01-05,17.58
2031-01-06,14.82
2031-01-07,3.34
2031-01-08,10.31
2031-01-09,1.23
2031-01-10,1.03
2031-01-11,4.62
2031-01-12,6.96
2031-01-13,35.35
2031-01-14,42.76
2031-01-15,0.0
2031-01-16,0.2
2031-01-17,0.0
2031-01-18,0.1
2031-01-19,0.2
2031-01-20,15.04
2031-01-21,0.0
2031-01-22,3.32
2031-01-23,0.31
2031-01-24,0.0
2031-01-25,0.0
2031-01-26,0.2
2031-01-27,0.0
2031-01-28,31.17
2031-01-29,0.0
2031-01-30,15.66
2031-01-31,0.2
2031-02-01,0.2
2031-02-02,5.79
2031-02-03,0.2
2031-02-04,0.0
2031-02-05,18.8
2031-02-06,0.75
2031-02-07,18.44
2031-02-08,14.62
2031-02-09,0.0
2031-02-10,0.0
2031-02-11,54.44
2031-02-12,13.26
2031-02-13,1.08
2031-02-14,12.11
2031-02-15,1.78
2031-02-16,0.0
2031-02-17,0.0
2031-02-18,10.94
2031-02-19,0.56
2031-02-20,2.92
2031-02-21,13.97
2031-02-22,15.02
2031-02-23,0.0
2031-02-24,0.33
2031-02-25,3.23
2031-02-26,33.6
2031-02-27,5.06
2031-02-28,0.2
2031-03-01,0.01
2031-03-02,0.0
2031-03-03,0.02
2031-03-04,11.85
2031-03-05,0.0
2031-03-06,0.0
2031-03-07,0.2
2031-03-08,0.2
2031-03-09,0.0
2031-03-10,13.11
2031-03-11,1.49
2031-03-12,0.0
2031-03-13,0.27
2031-03-14,0.0
2031-03-15,19.42
2031-03-16,0.55
2031-03-17,0.2
2031-03-18,0.2
2031-03-19,6.96
2031-03-20,0.2
2031-03-21,5.24
2031-03-22,0.0
2031-03-23,5.67
2031-03-24,0.0
2031-03-25,0.0
2031-03-26,3.84
2031-03-27,0.2
2031-03-28,0.0
2031-03-29,0.2
2031-03-30,0.0
2031-03-31,0.0
2031-04-01,0.2
2031-04-02,0.2
2031-04-03,0.0
2031-04-04,0.2
2031-04-05,13.31
2031-04-06,0.0
2031-04-07,0.0
2031-04-08,18.28
2031-04-09,11.56
2031-04-10,0.0
2031-04-11,0.2
2031-04-12,0.0
2031-04-13,11.36
2031-04-14,0.2
2031-04-15,9.28
2031-04-16,0.11
2031-04-17,0.7
2031-04-18,0.0
2031-04-19,0.0
2031-04-20,0.58
2031-04-21,0.0
2031-04-22,0.0
2031-04-23,0.0
2031-04-24,21.02
2031-04-25,0.0
2031-04-26,14.78
2031-04-27,0.2
2031-04-28,0.0
2031-04-29,0.89
2031-04-30,0.2
2031-05-01,0.0
2031-05-02,14.73
2031-05-03,1.38
2031-05-04,0.0
2031-05-05,0.0
2031-05-06,3.66
2031-05-07,0.0
2031-05-08,0.0
2031-05-09,6.96
2031-05-10,0.0
2031-05-11,0.11
2031-05-12,0.0
2031-05-13,5.76
2031-05-14,0.0
2031-05-15,24.18
2031-05-16,0.0
2031-05-17,1.07
2031-05-18,56.38
2031-05-19,0.2
2031-05-20,0.0
2031-05-21,15.92
2031-05-22,0.0
2031-05-23,0.2
2031-05-24,0.0
2031-05-25,0.0
2031-05-26,3.8
2031-05-27,17.05
2031-05-28,5.53
2031-05-29,2.48
2031-05-30,0.0
2031-05-31,0.0
2031-06-01,5.97
2031-06-02,7.35
2031-06-03,0.2
2031-06-04,0.0
2031-06-05,78.4
2031-06-06,10.63
2031-06-07,0.2
2031-06-08,0.2
2031-06-09,0.42
2031-06-10,0.0
2031-06-11,30.83
2031-06-12,26.87
2031-06-13,0.2
2031-06-14,0.0
2031-06-15,0.0
2031-06-16,0.69
2031-06-17,0.2
2031-06-18,5.55
2031-06-19,0.0
2031-06-20,0.0
2031-06-21,0.0
2031-06-22,44.35
2031-06-23,0.0
2031-06-24,1.67
2031-06-25,0.0
2031-06-26,0.0
2031-06-27,2.11
2031-06-28,0.0
2031-06-29,0.0
2031-06-30,0.0
2031-07-01,0.0
2031-07-02,0.0
2031-07-03,10.08
2031-07-04,0.2
2031-07-05,29.69
2031-07-06,22.3
2031-07-07,0.0
2031-07-08,0.0
2031-07-09,0.2
2031-07-10,7.01
2031-07-11,0.0
2031-07-12,0.0
2031-07-13,37.83
2031-07-14,71.56
2031-07-15,0.2
2031-07-16,0.0
2031-07-17,25.05
2031-07-18,18.62
2031-07-19,0.0
2031-07-20,11.41
2031-07-21,2.96
2031-07-22,0.0
2031-07-23,7.26
2031-07-24,0.2
2031-07-25,4.59
2031-07-26,13.28
2031-07-27,0.0
2031-07-28,0.2
2031-07-29,0.2
2031-07-30,0.0
2031-07-31,0.2
2031-08-01,1.07
2031-08-02,3.95
2031-08-03,0.2
2031-08-04,3.74
2031-08-05,2.02
2031-08-06,0.0
2031-08-07,12.15
2031-08-08,0.2
2031-08-09,0.0
2031-08-10,0.14
2031-08-11,0.2
2031-08-12,0.2
2031-08-13,0.0
2031-08-14,3.95
2031-08-15,0.0
2031-08-16,5.0
2031-08-17,0.0
2031-08-18,73.12
2031-08-19,3.93
2031-08-20,4.06
2031-08-21,2.88
2031-08-22,0.2
2031-08-23,0.0
2031-08-24,0.0
2031-08-25,9.48
2031-08-26,0.0
2031-08-27,11.75
2031-08-28,0.0
2031-08-29,49.92
2031-08-30,23.48
2031-08-31,0.0
2031-09-01,0.2
2031-09-02,3.46
2031-09-03,0.0
2031-09-04,0.29
2031-09-05,4.26
2031-09-06,0.0
2031-09-07,0.0
2031-09-08,0.0
2031-09-09,1.54
2031-09-10,5.64
2031-09-11,0.25
2031-09-12,4.35
2031-09-13,0.0
2031-09-14,0.2
2031-09-15,0.2
2031-09-16,1.81
2031-09-17,31.34
2031-09-18,0.0
2031-09-19,0.0
2031-09-20,0.0
2031-09-21,0.0
2031-09-22,0.2
2031-09-23,101.73
2031-09-24,0.0
2031-09-25,0.2
2031-09-26,37.26
2031-09-27,0.2
2031-09-28,18.86
2031-09-29,20.52
2031-09-30,30.81
2031-10-01,0.0
2031-10-02,0.2
2031-10-03,0.2
2031-10-04,2.46
2031-10-05,0.0
2031-10-06,0.0
2031-10-07,11.49
2031-10-08,0.2
2031-10-09,0.2
2031-10-10,0.2
2031-10-11,0.0
2031-10-12,2.78
2031-10-13,4.15
2031-10-14,52.55
2031-10-15,4.6
2031-10-16,1.49
2031-10-17,0.14
2031-10-18,0.0
2031-10-19,0.0
2031-10-20,0.2
2031-10-21,0.2
2031-10-22,0.2
2031-10-23,33.71
2031-10-24,26.88
2031-10-25,0.01
2031-10-26,0.0
2031-10-27,13.25
2031-10-28,2.21
2031-10-29,0.2
2031-10-30,19.99
2031-10-31,0.93
2031-11-01,0.0
2031-11-02,0.0
2031-11-03,0.82
2031-11-04,0.2
2031-11-05,0.2
2031-11-06,0.2
2031-11-07,40.07
2031-11-08,34.06
2031-11-09,0.0
2031-11-10,0.2
2031-11-11,0.2
2031-11-12,5.79
2031-11-13,0.2
2031-11-14,7.91
2031-11-15,52.98
2031-11-16,0.2
2031-11-17,0.7
2031-11-18,3.56
2031-11-19,0.88
2031-11-20,2.01
2031-11-21,0.0
2031-11-22,0.0
2031-11-23,0.2
2031-11-24,3.29
2031-11-25,0.0
2031-11-26,21.97
2031-11-27,0.2
2031-11-28,0.21
2031-11-29,5.89
2031-11-30,42.58
2031-12-01,0.2
2031-12-02,13.25
2031-12-03,0.2
2031-12-04,19.11
2031-12-05,0.0
2031-12-06,39.08
2031-12-07,17.05
2031-12-08,0.0
2031-12-09,5.14
2031-12-10,0.2
2031-12-11,0.51
2031-12-12,0.0
2031-12-13,0.0
2031-12-14,0.0
2031-12-15,0.0
2031-12-16,0.0
2031-12-17,0.0
2031-12-18,0.0
2031-12-19,34.08
2031-12-20,0.11
2031-12-21,0.2
2031-12-22,19.24
2031-12-23,9.11
2031-12-24,0.0
2031-12-25,0.0
2031-12-26,21.6
2031-12-27,27.46
2031-12-28,0.2
2031-12-29,13.88
2031-12-30,12.46
2031-12-31,13.81
2032-01-01,0.2
2032-01-02,0.0
2032-01-03,0.2
2032-01-04,3.77
2032-01-05,65.03
2032-01-06,0.16
2032-01-07,0.0
2032-01-08,2.0
2032-01-09,0.2
2032-01-10,50.17
2032-01-11,0.0
2032-01-12,6.82
2032-01-13,0.0
2032-01-14,0.0
2032-01-15,0.2
2032-01-16,3.08
2032-01-17,0.0
2032-01-18,0.0
2032-01-19,0.0
2032-01-20,0.0
2032-01-21,2.28
2032-01-22,7.06
2032-01-23,1.29
2032-01-24,25.21
2032-01-25,11.6
2032-01-26,0.2
2032-01-27,0.2
2032-01-28,0.0
2032-01-29,0.2
2032-01-30,0.0
2032-01-31,20.49
2032-02-01,0.0
2032-02-02,0.2
2032-02-03,24.58
2032-02-04,0.2
2032-02-05,0.0
2032-02-06,0.2
2032-02-07,0.0
2032-02-08,11.51
2032-02-09,1.58
2032-02-10,0.2
2032-02-11,0.01
2032-02-12,8.27
2032-02-13,0.0
2032-02-14,0.43
2032-02-15,0.0
2032-02-16,4.85
2032-02-17,0.2
2032-02-18,2.33
2032-02-19,10.08
2032-02-20,0.2
2032-02-21,19.27
2032-02-22,9.16
2032-02-23,17.18
2032-02-24,18.24
2032-02-25,0.0
2032-02-26,0.2
2032-02-27,1.14
2032-02-28,0.0
2032-02-29,0.0
2032-03-01,18.83
2032-03-02,2.02
2032-03-03,0.0
2032-03-04,41.35
2032-03-05,27.43
2032-03-06,0.0
2032-03-07,30.14
2032-03-08,32.69
2032-03-09,3.31
2032-03-10,0.0
2032-03-11,0.0
2032-03-12,3.58
2032-03-13,0.12
2032-03-14,0.11
2032-03-15,0.0
2032-03-16,16.09
2032-03-17,0.0
2032-03-18,0.0
2032-03-19,0.2
2032-03-20,0.0
2032-03-21,0.2
2032-03-22,0.0
2032-03-23,9.24
2032-03-24,0.0
2032-03-25,1.3
2032-03-26,0.0
2032-03-27,0.2
2032-03-28,0.2
2032-03-29,1.71
2032-03-30,0.0
2032-03-31,4.96
2032-04-01,0.17
2032-04-02,11.63
2032-04-03,0.2
2032-04-04,46.74
2032-04-05,0.0
2032-04-06,0.0
2032-04-07,0.29
2032-04-08,17.71
2032-04-09,0.0
2032-04-10,0.82
2032-04-11,21.91
2032-04-12,0.71
2032-04-13,0.0
2032-04-14,6.71
2032-04-15,49.44
2032-04-16,37.56
2032-04-17,0.0
2032-04-18,0.2
2032-04-19,17.3
2032-04-20,0.2
2032-04-21,35.9
2032-04-22,0.0
2032-04-23,0.2
2032-04-24,0.0
2032-04-25,0.78
2032-04-26,1.92
2032-04-27,0.2
2032-04-28,22.69
2032-04-29,0.0
2032-04-30,0.0
2032-05-01,0.85
2032-05-02,0.57
2032-05-03,0.2
2032-05-04,0.0
2032-05-05,0.0
2032-05-06,43.14
2032-05-07,0.2
2032-05-08,2.73
2032-05-09,0.2
2032-05-10,0.0
2032-05-11,0.81
2032-05-12,9.29
2032-05-13,41.12
2032-05-14,0.0
2032-05-15,0.2
2032-05-16,4.99
2032-05-17,1.76
2032-05-18,0.2
2032-05-19,2.18
2032-05-20,4.23
2032-05-21,13.75
2032-05-22,0.0
2032-05-23,0.0
2032-05-24,8.65
2032-05-25,0.0
2032-05-26,2.93
2032-05-27,0.0
2032-05-28,62.04
2032-05-29,0.0
2032-05-30,0.0
2032-05-31,58.26
2032-06-01,0.2
2032-06-02,0.0
2032-06-03,4.26
2032-06-04,62.29
2032-06-05,15.76
2032-06-06,0.0
2032-06-07,0.2
2032-06-08,0.0
2032-06-09,1.06
2032-06-10,0.56
2032-06-11,0.0
2032-06-12,0.51
2032-06-13,0.0
2032-06-14,0.0
2032-06-15,0.17
2032-06-16,0.0
2032-06-17,0.0
2032-06-18,5.44
2032-06-19,104.76
2032-06-20,0.0
2032-06-21,28.16
2032-06-22,0.2
2032-06-23,22.02
2032-06-24,0.0
2032-06-25,1.31
2032-06-26,0.0
2032-06-27,0.2
2032-06-28,0.0
2032-06-29,0.0
2032-06-30,0.2
2032-07-01,13.03
2032-07-02,4.78
2032-07-03,0.2
2032-07-04,0.87
2032-07-05,0.0
2032-07-06,5.36
2032-07-07,10.75
2032-07-08,0.0
2032-07-09,0.2
2032-07-10,35.23
2032-07-11,8.23
2032-07-12,0.2
2032-07-13,1.47
2032-07-14,19.67
2032-07-15,0.0
2032-07-16,0.2
2032-07-17,32.75
2032-07-18,0.2
2032-07-19,0.2
2032-07-20,0.0
2032-07-21,0.91
2032-07-22,0.0
2032-07-23,0.2
2032-07-24,105.7
2032-07-25,0.0
2032-07-26,0.0
2032-07-27,17.81
2032-07-28,51.79
2032-07-29,3.5
2032-07-30,7.19
2032-07-31,9.16
2032-08-01,0.0
2032-08-02,0.0
2032-08-03,4.95
2032-08-04,7.17
2032-08-05,0.0
2032-08-06,0.0
2032-08-07,0.0
2032-08-08,0.2
2032-08-09,0.0
2032-08-10,0.2
2032-08-11,2.39
2032-08-12,0.2
2032-08-13,0.0
2032-08-14,0.2
2032-08-15,0.2
2032-08-16,29.45
2032-08-17,4.17
2032-08-18,0.0
2032-08-19,0.0
2032-08-20,0.2
2032-08-21,8.13
2032-08-22,2.92
2032-08-23,0.0
2032-08-24,13.27
2032-08-25,0.2
2032-08-26,0.0
2032-08-27,0.0
2032-08-28,0.2
2032-08-29,0.0
2032-08-30,0.0
2032-08-31,0.0
2032-09-01,0.0
2032-09-02,17.22
2032-09-03,3.39
2032-09-04,0.29
2032-09-05,0.0
2032-09-06,0.92
2032-09-07,0.2
2032-09-08,57.81
2032-09-09,0.0
2032-09-10,0.0
2032-09-11,0.99
2032-09-12,0.0
2032-09-13,0.0
2032-09-14,0.0
2032-09-15,18.32
2032-09-16,3.42
2032-09-17,0.0
2032-09-18,0.0
2032-09-19,0.0
2032-09-20,7.86
2032-09-21,0.0
2032-09-22,5.56
2032-09-23,7.43
2032-09-24,0.0
2032-09-25,0.0
2032-09-26,0.0
2032-09-27,21.18
2032-09-28,0.0
2032-09-29,0.57
2032-09-30,0.0
